label,label_start,label_end
rock,1559822765.0,1559822779.5499992
paper,1559822779.5499992,1559822794.0649986
scissors,1559822794.0649986,1559822808.7799988
ok,1559822808.7799988,1559822823.3849983
